{"cameraMode":{"drawMode":0,"name":"Shaded","section":"Shading Mode"},"sceneLighting":true,"audioPlay":false,"sceneViewState":{"m_AlwaysRefresh":false,"showFog":true,"showSkybox":true,"showFlares":true,"showImageEffects":true,"showParticleSystems":true,"showVisualEffectGraphs":true,"m_FxEnabled":true},"in2DMode":false,"pivot":{"x":1.5878620147705079,"y":2.3496201038360597,"z":26.645401000976564},"rotation":{"x":-0.07522492855787277,"y":-0.833139955997467,"z":0.12408638745546341,"w":-0.5344518423080444},"size":0.9049965143203735,"orthographic":false}