{"cameraMode":{"drawMode":0,"name":"Shaded","section":"Shading Mode"},"sceneLighting":false,"audioPlay":false,"sceneViewState":{"m_AlwaysRefresh":false,"showFog":true,"showSkybox":false,"showFlares":true,"showImageEffects":true,"showParticleSystems":true,"showVisualEffectGraphs":true,"m_FxEnabled":true},"in2DMode":false,"pivot":{"x":0.5168788433074951,"y":0.4628453254699707,"z":-2.024960994720459},"rotation":{"x":0.0001953005266841501,"y":0.9937686920166016,"z":-0.11232874542474747,"w":0.020642494782805444},"size":2.2763352394104006,"orthographic":false}