{"cameraMode":{"drawMode":0,"name":"Shaded","section":"Shading Mode"},"sceneLighting":false,"audioPlay":false,"sceneViewState":{"m_AlwaysRefresh":false,"showFog":true,"showSkybox":false,"showFlares":true,"showImageEffects":true,"showParticleSystems":true,"showVisualEffectGraphs":true,"m_FxEnabled":true},"in2DMode":false,"pivot":{"x":0.00008183717727661133,"y":1.0123629570007325,"z":0.03352087736129761},"rotation":{"x":-0.004356445278972387,"y":-0.9895776510238648,"z":0.13668780028820039,"w":-0.052189506590366366},"size":1.6017377376556397,"orthographic":false}